country,code,year,trade,gini,unemploy,gdp_pc,inflation,tax
Canada,CAN,1996,70.26007345603918,32.8,9.62,32801.30185491548,1.57053112507138,13.878492825359315
Canada,CAN,1997,74.33661008165224,33.1,9.1,33867.00791317428,1.62121638084531,14.567728347824168
Canada,CAN,1998,78.08118536286108,33.2,8.278,34894.61342802523,0.99594245665802,14.668397589042028
Canada,CAN,1999,80.11502931292954,33.1,7.583,36391.53532589573,1.73484295105918,14.699920727599594
Canada,CAN,2000,82.76535785032137,33.4,6.829,37906.86011532932,2.71943995691976,14.857743184610642
Canada,CAN,2001,78.34421839436978,33.6,7.219,38200.45611313585,2.52512013979906,14.181479814946682
Canada,CAN,2002,75.70703207792327,33.6,7.665,38921.66729551781,2.25839440940855,13.377627468507239
Canada,CAN,2003,69.84009461706073,33.8,7.574,39270.02345440729,2.75856321360112,13.22893471327173
Canada,CAN,2004,70.19241999095621,33.8,7.185,40108.758738975,1.85725871857256,13.344747867074336
Canada,CAN,2005,69.75913301673569,33.6,6.758,41006.222931999015,2.21355203439767,13.299492885697745
Canada,CAN,2006,68.0521644769988,34.1,6.484,41663.51230543771,2.00202539534161,13.348220669342112
Canada,CAN,2007,66.28341974823473,33.8,6.156,42106.8724267286,2.13838399266837,13.334432006896291
Canada,CAN,2008,67.02360836189833,33.9,6.284,42067.56869986234,2.37027067444299,12.390165596485298
Canada,CAN,2009,58.47439182248968,34,8.46,40376.41536770367,0.299466803009299,12.304385954863829
Canada,CAN,2010,60.20812150444825,33.6,8.178,41164.33990626593,1.77687154092627,11.732809298182643
Canada,CAN,2011,62.49873877083283,32.7,7.637,42043.641960701614,2.91213508872351,11.803921281262278
Canada,CAN,2012,62.59554893950049,33.5,7.392,42320.64312821917,1.51567823124517,11.664427363103757
Canada,CAN,2013,62.23107490134046,33.8,7.143,42851.17053302353,0.938291897815317,11.623504599029886
Canada,CAN,2014,64.3786621564923,33.2,7.023,43643.23564748477,1.90663590717861,11.80837907922063
Canada,CAN,2015,66.16490206697809,33.7,6.945,43594.194104539434,1.12524136094277,12.38981090632131
Canada,CAN,2016,65.36368452155557,32.7,7.038,43551.34260182594,1.42875954701085,12.496562633143968
Canada,CAN,2017,65.10106085046489,33.3,6.426,44339.388669275126,1.59688412852977,12.612016680984809
Canada,CAN,2018,66.59988585087616,32.5,5.837,44907.3436837248,2.26822567248103,13.057684669307484
Canada,CAN,2019,66.17148528049593,31.7,5.69,45100.291490326184,1.94926902411593,12.741688901490905
Costa Rica,CRI,1996,84.05716400610468,46.5,6.16,6871.609410464085,17.5114524814591,12.642815237021193
Costa Rica,CRI,1997,87.61319809787035,45.6,5.68,7085.988343022251,13.2480440791191,12.613164915420965
Costa Rica,CRI,1998,92.03802123661862,45.6,5.33,7430.172410628798,11.6592997742233,12.823864932675813
Costa Rica,CRI,1999,87.53861376773727,47.6,5.9,7584.421369777826,10.0452817292494,13.133758160714287
Costa Rica,CRI,2000,86.52492351307046,47.4,5.08,7726.519856820306,10.9615496593622,12.839712830579074
Costa Rica,CRI,2001,80.852758718109,51.5,6.051,7854.2339580182015,11.2556157091172,13.361033803688416
Costa Rica,CRI,2002,80.41394433600391,51.8,6.396,7989.559261021565,9.16752048509119,13.368108901545952
Costa Rica,CRI,2003,83.32770753556417,49.3,6.654,8207.45746763047,9.44758091616984,13.584951609794645
Costa Rica,CRI,2004,85.25647719658723,48.4,6.445,8445.529149457909,12.3148150178852,13.35892750017565
Costa Rica,CRI,2005,89.22266389232243,47.5,6.749,8655.33965418585,13.7982949108987,13.63539698521403
Costa Rica,CRI,2006,89.81455461369306,49.3,5.926,9160.294374532356,11.4705968149052,13.84166373862421
Costa Rica,CRI,2007,86.45659584393489,49.3,4.557,9779.511493898184,9.35724456417157,14.856470156059395
Costa Rica,CRI,2008,86.40151271132542,48.6,4.934,10104.909203969093,13.4244635507284,15.232509906693654
Costa Rica,CRI,2009,69.75931772515345,50.6,7.824,9883.67567046297,7.84270167700654,13.18307198825693
Costa Rica,CRI,2010,67.51208968410704,48,7.171,10285.085666041923,5.66275708420021,12.952542058666939
Costa Rica,CRI,2011,68.63914650740162,48.8,9.518,10612.469486114143,4.87799830970702,13.20898686543284
Costa Rica,CRI,2012,67.04853929509761,48.4,9.11,11001.51928565757,4.49545314354605,13.10529606568251
Costa Rica,CRI,2013,64.06641058794423,49.2,8.218,11151.14378697677,5.23133614174428,13.416824749449033
Costa Rica,CRI,2014,65.19124205323678,48.6,8.499,11422.673579317625,4.51920098516954,13.045588962638844
Costa Rica,CRI,2015,60.75356193952099,48.4,8.415,11714.710598073205,0.801982005099623,13.253994216445511
Costa Rica,CRI,2016,62.17847817682954,48.7,8.085,12084.435132563423,-0.0174788505908217,13.510854335455742
Costa Rica,CRI,2017,65.07195374388154,48.3,7.729,12468.565453170933,1.62590692991732,13.24410255461098
Costa Rica,CRI,2018,66.94534201663602,48,9.01,12679.525364301557,2.22111461526581,13.182148685143243
Costa Rica,CRI,2019,65.76053001766219,48.2,10.807,12877.650101079042,2.09604635327807,13.374207610688089
France,FRA,1996,46.11248015896406,32,12.367,29683.778606086402,1.98288365089738,20.472284218985532
France,FRA,1997,49.803453474736,31.9,12.566,30325.522874267772,1.20394294026962,21.151703087892614
France,FRA,1998,51.421432803077074,31.7,12.074,31256.50738711783,0.651126867833049,23.122404401457725
France,FRA,1999,51.670661463873365,32.5,11.981,32152.720741324352,0.537141639134645,23.73117404031687
France,FRA,2000,57.786047031819706,32.6,10.218,33255.1379678188,1.67595988720927,23.47234063692364
France,FRA,2001,56.89323285607223,32.5,8.61,33640.67380106276,1.63478079549601,23.498649637739007
France,FRA,2002,55.13252485031017,31.8,8.702,33753.57829196828,1.9234122872706,22.702977779557436
France,FRA,2003,52.59888228706573,31.4,8.306,33840.61756436194,2.09847219146923,22.230731336151695
France,FRA,2004,53.749764829202775,30.6,8.914,34557.14711909525,2.14208964640241,22.26633367680602
France,FRA,2005,55.82283612412989,29.8,8.882,34946.037244147235,1.74586936380482,22.34428727440239
France,FRA,2006,57.86927752926727,29.7,8.832,35645.416247825015,1.67512449608723,22.603862318344408
France,FRA,2007,58.15256113096589,32.4,8.008,36322.168511678145,1.4879980595386,22.16173447190618
France,FRA,2008,59.1797928411748,33,7.386,36257.365886945845,2.81286194914787,22.031561110285594
France,FRA,2009,52.19911230276135,32.7,9.122,35052.85108368215,0.0876204781574552,20.707649319401465
France,FRA,2010,56.58755524779604,33.7,9.279,35578.19679588139,1.53112270420926,21.94401403033383
France,FRA,2011,60.60563548164058,33.3,9.228,36269.956158998386,2.11159795174994,21.776537729178028
France,FRA,2012,61.65895707711015,33.1,9.841,36161.29183342091,1.9541953161351,22.53632128193892
France,FRA,2013,61.81923387339621,32.5,9.913,36256.08668896232,0.863715497861805,23.176294463197358
France,FRA,2014,62.19926693795067,32.3,10.273,36444.39491358274,0.50775882293799,23.118742057685793
France,FRA,2015,63.504687195648444,32.7,10.354,36702.432373337935,0.0375143805125182,23.166422700882926
France,FRA,2016,63.342756438335144,31.9,10.057,36920.53428710446,0.18333486112386,23.088698224300607
France,FRA,2017,65.39584815597112,31.6,9.409,37580.59793194857,1.03228275064662,23.686678836775023
France,FRA,2018,66.80226078122658,32.4,9.018,38062.443597151716,1.85081508315502,24.252357216476376
France,FRA,2019,66.4289771741449,31.2,8.415,38705.2072997191,1.10825492288294,24.56937461074445
Georgia,GEO,1996,45.696549050019385,37.1,11.5,1187.1232062189954,39.3574999987146,7.876437895825256
Georgia,GEO,1997,57.75306592899953,40.7,11.5,1354.783522020656,7.08761762948726,10.6237239017322
Georgia,GEO,1998,53.56666932159854,41.2,14.53,1431.7933606922363,3.56680781278783,10.01573047131678
Georgia,GEO,1999,57.1518743274472,40.1,13.8,1503.4629877673394,19.1926758218895,11.191278423624464
Georgia,GEO,2000,62.66139564130992,40.5,10.82,1561.1986763884659,4.06396201382596,11.401433039334115
Georgia,GEO,2001,63.32992508240935,39.6,11.16,1661.8301910642062,4.64604442058634,11.804674857656577
Georgia,GEO,2002,71.62912553648069,37.2,12.59,1768.597011688804,5.58783730000794,11.621512875536482
Georgia,GEO,2003,77.63337653693908,36.7,11.51,1977.4614333874113,0.837734531536568,10.922338599502575
Georgia,GEO,2004,79.04074590556071,36.2,12.62,2105.0047284379875,5.65632636191132,15.102348258909032
Georgia,GEO,2005,84.52959753547488,37.4,13.81,2321.6008428516348,8.24709043114158,16.542608575927854
Georgia,GEO,2006,89.12537436819701,36.9,13.57,2554.8125350391365,9.16096508394497,18.57011290872305
Georgia,GEO,2007,88.39341406866033,38.1,13.28,2891.13702331846,9.24489745592404,20.95528957619838
Georgia,GEO,2008,86.29822436814872,38.5,17.87,2970.1585828242805,9.99948761552747,24.22450445349648
Georgia,GEO,2009,78.19303903035694,38.2,20.71,2887.256079359217,1.7275146113791,23.509396197042143
Georgia,GEO,2010,81.6733870603639,39.5,20.203,3090.0651366231846,7.11017897486099,21.1106596234593
Georgia,GEO,2011,85.4659350932986,39.6,19.632,3362.103003196797,8.5429333333333,22.661404651519216
Georgia,GEO,2012,89.73488009463382,39,19.653,3609.7807986259963,-0.943658853270964,23.088504140230132
Georgia,GEO,2013,93.81391378955315,38.6,19.416,3806.5060064905138,-0.512058410947092,22.06259866840552
Georgia,GEO,2014,94.95069793833932,37.6,17.439,3960.3508009190073,3.06881210379543,22.053149233970114
Georgia,GEO,2015,97.01631150862569,36.5,16.506,4086.6223465964995,4.00357820695097,22.347748060669215
Georgia,GEO,2016,94.92625283834433,36.6,16.604,4225.091549048057,2.13492713939121,23.042431537767076
Georgia,GEO,2017,102.58427769714562,37.9,13.939,4442.50744127374,6.03531725272117,23.01354620222545
Georgia,GEO,2018,109.84774055626569,36.4,12.667,4713.653548453031,2.6152447139767,22.04786882355534
Georgia,GEO,2019,117.81008023971363,35.9,11.565,4975.811481948139,4.85289821696723,22.897277078389575
Germany,DEU,1996,43.90358609532501,28,8.822,32229.47787028491,1.44972701963239,10.861264363048077
Germany,DEU,1997,48.38032106873799,28.2,9.861,32779.28024688788,1.93937198922729,10.69647922406694
Germany,DEU,1998,50.15546577923266,28.3,9.787,33461.31922021569,0.911183535014403,10.792707349516148
Germany,DEU,1999,51.519227436406,29,8.854,34152.003225622415,0.585433064230783,11.410140378579268
Germany,DEU,2000,59.195599297540454,28.9,7.917,35087.089155951464,1.44026838719741,11.591944254012377
Germany,DEU,2001,59.55928636821177,29.9,7.773,35601.362835165324,1.98385731334471,10.846902570222225
Germany,DEU,2002,58.332568724812894,29.8,8.482,35460.41213364216,1.42080615551526,10.71230030224525
Germany,DEU,2003,58.91454429425074,29.8,9.779,35252.974513497706,1.03422218628562,10.855003324690625
Germany,DEU,2004,62.90649094651641,30.2,10.727,35670.48702761519,1.66573696655992,10.2875222412169
Germany,DEU,2005,66.95310249343211,31.7,11.193,36006.85781059231,1.54691114751328,10.48544315499353
Germany,DEU,2006,72.7591934646234,31,10.277,37437.39187833371,1.57742642840563,10.6677987618396
Germany,DEU,2007,74.8838416816798,31.2,8.732,38570.91464081522,2.29834400700951,11.143803447380636
Germany,DEU,2008,76.10141021284484,30.8,7.508,38996.14340762695,2.62837981637219,11.280969077260512
Germany,DEU,2009,66.11526853102566,30.5,7.88,36927.19202870133,0.312739007368447,11.386164409368023
Germany,DEU,2010,73.86264076512006,30.2,7.043,38517.43978601087,1.1038103778926,10.96932027552885
Germany,DEU,2011,78.40731346053767,30.6,5.967,40712.65773630418,2.07517283735874,11.254708294969449
Germany,DEU,2012,79.30048779094265,31.1,5.372,40829.03489380498,2.00848884782956,11.394417900427799
Germany,DEU,2013,77.56438157417482,31.5,5.316,40875.02628031783,1.50472330251876,11.385005998716553
Germany,DEU,2014,76.83033127091589,30.8,4.979,41588.076387559195,0.906794000434246,11.26046422816791
Germany,DEU,2015,77.79135676437704,31.7,4.612,41911.01098510537,0.514426137125456,11.257498420105975
Germany,DEU,2016,75.98458751419695,31.4,4.104,42528.06371078278,0.491747008445174,11.07921817459349
Germany,DEU,2017,77.56663694684354,31.3,3.781,43520.186421299615,1.50949485109628,11.199900333522459
Germany,DEU,2018,79.22765969228797,31.9,3.384,43874.01309360915,1.73216879766942,11.23766805687922
Germany,DEU,2019,79.13374711447064,31.8,3.163,44207.632051951376,1.44565976888253,11.214383515140543
Luxembourg,LUX,1996,195.63690664814965,29,3.286,74916.50676722715,1.18385968843571,24.697387080026793
Luxembourg,LUX,1997,212.08875793191737,29.6,2.527,77993.0585335828,1.36751261207943,25.24415232739704
Luxembourg,LUX,1998,236.57001498757543,30.6,2.763,82170.23992125779,0.958570110494674,25.601176944394403
Luxembourg,LUX,1999,239.92249957769118,30,2.39,87695.33957586001,1.02519676474932,25.100328459176495
Luxembourg,LUX,2000,272.4123268453483,30.1,2.345,92527.71180696423,3.15076707022592,25.472596895496558
Luxembourg,LUX,2001,270.76563044325707,30.9,1.805,94243.70732339172,2.66382110579103,24.984894192766138
Luxembourg,LUX,2002,250.6891981614239,31,2.621,96269.57938512157,2.07408613571643,24.781702871533728
Luxembourg,LUX,2003,244.9779460605285,30.2,3.675,97597.99691765533,2.04984030563518,24.630096128509212
Luxembourg,LUX,2004,265.22688485563737,30.2,5.113,100292.56847916194,2.22567916428889,24.042573185433227
Luxembourg,LUX,2005,284.07747686947846,30.8,4.488,101222.0456644007,2.48769665164088,25.335555453841565
Luxembourg,LUX,2006,305.87954748852565,30.9,4.731,105614.17986395175,2.66631494577069,23.929841204305657
Luxembourg,LUX,2007,307.485020085196,31.1,4.065,112417.87845800121,2.31245861786127,24.380345488908997
Luxembourg,LUX,2008,292.2134807834298,32.6,5.06,110094.79233874493,3.40187963025571,23.55571077401778
Luxembourg,LUX,2009,263.5327015416839,31.2,5.194,104574.34988768162,0.368041997888887,23.8391085158098
Luxembourg,LUX,2010,293.6718769069386,30.5,4.423,106544.05724172312,2.2736791162154,23.81784043781159
Luxembourg,LUX,2011,308.7144538741623,32.1,5.122,105290.24904882653,3.41068341068342,23.987047854064482
Luxembourg,LUX,2012,311.78683520468604,34.3,5.03,104487.74423870388,2.66284165508021,24.4278271542178
Luxembourg,LUX,2013,320.53350631676807,32,6.045,105338.95605928342,1.73403963519162,24.552266956073215
Luxembourg,LUX,2014,333.42885319668034,31.2,6.044,105583.93701412271,0.628543985440717,24.74515711338668
Luxembourg,LUX,2015,351.13197436149005,32.9,6.796,105462.01258442263,0.474743161437779,23.321859372663564
Luxembourg,LUX,2016,348.43740937688875,31.7,6.669,108351.45215893305,0.290833333333317,23.767509674945597
Luxembourg,LUX,2017,353.7939919803034,34.5,5.523,107142.12755644266,1.73079959118887,24.518147052893525
Luxembourg,LUX,2018,362.42390450058485,35.4,5.589,106376.78356576333,1.5281952430738,26.644593907064074
Luxembourg,LUX,2019,382.3483692030032,34.2,5.592,107350.62668727605,1.74332075653848,26.466217093609867
United Kingdom,GBR,1996,52.24380846885636,35.3,8.189,33777.528089328545,2.85178236397749,23.06501258800892
United Kingdom,GBR,1997,50.97340584536477,35.7,7.072,35349.79065296448,2.20114313510882,23.737131649194204
United Kingdom,GBR,1998,49.3364553465645,36.6,6.198,36446.26168576998,1.82056163731557,25.025112643853138
United Kingdom,GBR,1999,49.631439504317285,36.8,6.042,37435.88444409968,1.7529508005142,25.481668788245937
United Kingdom,GBR,2000,52.521730598717966,38.8,5.558,38921.89657426154,1.18295624210408,26.089164498451968
United Kingdom,GBR,2001,52.82161350975234,37.1,4.696,39769.87195885054,1.53234960272418,25.742255493462814
United Kingdom,GBR,2002,51.37963420703871,35.1,5.037,40312.98240218305,1.52040245947455,24.961580072500563
United Kingdom,GBR,2003,50.23952305190832,34.9,4.807,41390.60621146857,1.37650038542013,24.55540420905737
United Kingdom,GBR,2004,50.451711240499094,34.8,4.594,42167.35571404891,1.39039756680422,25.152328265427325
United Kingdom,GBR,2005,52.680716840548236,35.5,4.835,43023.22769414856,2.0891364902507,25.488132609925014
United Kingdom,GBR,2006,56.914427480812314,35.9,5.411,43724.89571701608,2.4556616643929,25.77039451427205
United Kingdom,GBR,2007,52.96435343708586,34.4,5.342,44524.570705286074,2.38656150773327,25.99471591059906
United Kingdom,GBR,2008,56.69860692771085,35.4,5.705,44065.615661517244,3.52140856342539,26.458082329317268
United Kingdom,GBR,2009,55.004384033595,35.1,7.627,41712.83190382709,1.96173173560109,24.172747710811322
United Kingdom,GBR,2010,59.27277497228876,33.7,7.924,42311.432986021915,2.49265472467065,25.273397892391486
United Kingdom,GBR,2011,63.56540097077451,33.2,8.169,42459.96299984189,3.8561124468282,25.83493224426948
United Kingdom,GBR,2012,62.22598273341834,33.1,8.25,42802.02078340422,2.5732347965453,25.103065562243433
United Kingdom,GBR,2013,61.99911191499085,32.7,7.704,43281.57642007211,2.29166666666659,25.136342380909877
United Kingdom,GBR,2014,59.09480411959319,33.1,6.363,44336.53786132296,1.45112016293279,24.880510965286703
United Kingdom,GBR,2015,57.2035496863734,33.3,5.517,44964.391143729204,0.36804684232536,25.066646629629457
United Kingdom,GBR,2016,59.70039841437605,33.1,4.867,45482.466861855086,1.0084173681141,25.455038423012134
United Kingdom,GBR,2017,63.1216500310687,32.6,4.452,46374.58111670584,2.55775577557747,25.596859900829877
United Kingdom,GBR,2018,64.54264825043302,33.7,4.12,46742.14811904931,2.29283990345938,25.54671644897747
United Kingdom,GBR,2019,64.66513363722352,32.8,3.613,47234.24660705129,1.73810460086513,25.111272959070618
United States,USA,1996,22.687071990241197,40.3,5.451,42783.81656978254,2.93120419993441,11.373914577284971
United States,USA,1997,23.428327802617808,40.5,5,44151.68604143667,2.33768993730735,11.828199933967174
United States,USA,1998,22.825893979763688,40,4.511,45596.43068434751,1.55227909874364,12.329830779988164
United States,USA,1999,23.31356972962377,40,4.219,47234.24552752293,2.18802719697358,12.259982481882787
United States,USA,2000,25.102985556853646,40.1,3.992,48616.25462578003,3.37685727149929,12.970795297841606
United States,USA,2001,22.967183015497458,40.6,4.731,48597.424614200514,2.82617111885407,11.857704771974939
United States,USA,2002,22.286384213606453,40.4,5.783,48967.366120115905,1.58603162650601,9.868016676200838
United States,USA,2003,22.6272972866813,40.8,5.989,49905.523307423646,2.27009497336115,9.390692579289396
United States,USA,2004,24.448056657190406,40.3,5.529,51348.347337622276,2.67723669309172,9.537470791170085
United States,USA,2005,25.638557343676915,41,5.084,52649.57130546835,3.3927468454955,10.681732931866893
United States,USA,2006,26.975285805890348,41.4,4.623,53596.31523720001,3.22594410070404,11.310478899080842
United States,USA,2007,28.012015563109827,40.8,4.622,54152.82926512988,2.85267248150138,11.28991266408129
United States,USA,2008,29.867787525706063,40.8,5.784,53703.96289612665,3.839100296651,10.276188091669374
United States,USA,2009,24.759527635837024,40.6,9.254,51863.618341192276,-0.355546266299747,7.903517092440586
United States,USA,2010,28.219882940833628,40,9.633,52821.40476434038,1.6400434423899,8.56322203026373
United States,USA,2011,30.842478575913994,40.9,8.949,53259.2552138539,3.156841568622,9.538928617491633
United States,USA,2012,30.681839575193017,40.9,8.069,54080.22864972149,2.06933726526067,9.76391736911044
United States,USA,2013,29.941306284822716,40.6,7.375,54844.24257971542,1.46483265562717,10.460225454147796
United States,USA,2014,29.906569337427957,41.5,6.168,55817.56324719583,1.62222297740817,10.899748173259432
United States,USA,2015,27.68821393407681,41.2,5.28,57040.20821366048,0.118627135552451,11.18282795989444
United States,USA,2016,26.452597786546526,41.1,4.869,57658.6708825722,1.26158320570536,10.85451498765243
United States,USA,2017,27.125338222287443,41.2,4.355,58703.14407801612,2.13011000365961,11.503886732793864
United States,USA,2018,27.44535913026185,41.4,3.896,60127.21027624589,2.44258329692817,9.929538940642265
United States,USA,2019,26.25848062454277,41.5,3.669,61400.548154368655,1.81221007526021,9.885825345629351
